use studentdetails;
desc placementsinfo;
CREATE TABLE studentinfo (
    STUD_ID INT,
    STUD_NAME VARCHAR(50),
    STUD_BRANCH_NAME VARCHAR(50),
    STUD_BRANCH_ID INT,
    STUD_COURSE_NAME VARCHAR(50),
    STUD_COURSE_ID INT,
    STUD_EMAIL_ID VARCHAR(100),
    STUD_DOB DATE,
    STUD_JOINING_DT DATE
);
 
insert into studentinfo values (100, 'Aravindan', 'velachery', 5101, 'python', 200, 'Aravindan@gmail.com', '2002-07-10', '2024-01-22');
insert into studentinfo values (101, 'Arul', 'tnagar', 5102, 'java', 201, 'Arul@gmail.com', '2000-05-12', '2024-02-09');
insert into studentinfo values (102, 'Chandrahasan', 'hosur',5103, 'sql',202, 'Chandrahasan@gmail.com', '2000-03-15', '2024-01-05');
insert into studentinfo values(103, 'Ganesan', 'velachery', 5104,'sql',203, 'Ganesan@gmail.com', '2001-01-16', '2023-12-06');
insert into studentinfo values(104, 'Karthikeyan', 'OMR', 5105,'java', 204,'Karthikeyan@gmail.com', '2000-11-18', '2024-02-07');
insert into studentinfo values(105, 'Kavin', 'hosur', 5106,'frontend',205, 'Kavin@gmail.com', '2001-09-21', '2023-12-22');
insert into studentinfo values(106, 'Madhavan', 'velachery', 5107,'backend',206, 'Madhavan@gmail.com', '2000-07-24', '2024-02-09');
insert into studentinfo values(107, 'Manikandan', 'OMR', 5108,'python', 207,'Manikandan@gmail.com', '2002-03-29', '2022-06-03');
insert into studentinfo values(108, 'Murugan', 'hosur', 5109,'frontend', 208,'Murugan@gmail.com', '2000-08-13', '2024-01-09');
insert into studentinfo values(109, 'Natarajan', 'vadapalani',5110, 'frontend',209, 'Natarajan@gmail.com', '2004-04-30', '2024-08-12');
insert into studentinfo values(110, 'Prabhakaran', 'Tnagar', 5111,'python', 210,'Prabhakaran@gmail.com', '2001-01-09', '2022-01-08');
insert into studentinfo values(111, 'Ramanathan', 'OMR', 5112,'data analyst', 211,'Ramanathan@gmail.com', '2003-12-31', '2021-06-23');
insert into studentinfo values(112, 'Sankaran', 'Anna Nagar',5113, 'frontend', 212,'Sankaran@gmail.com', '2000-02-25', '2024-09-15');
insert into studentinfo values(113, 'Subramanian', 'Tnagar', 5114,'backend', 213,'Subramanian@gmail.com', '2000-07-11', '2022-11-05');
insert into studentinfo values(114, 'Venkatesh', 'OMR', 5115,'python', 214,'Venkatesh@gmail.com', '2002-05-15', '2021-02-07');
insert into studentinfo values(115, 'Aditya', 'Tambaram', 5116,'sql', 215,'Aditya@gmail.com', '2001-04-13', '2024-12-05');
insert into studentinfo values(116, 'Akilan', 'OMR',5117, 'python', 216,'Akilan@gmail.com', '2004-09-02', '2022-03-19');
insert into studentinfo values(117, 'Anand', 'Tambaram', 5118,'sql', 217,'Anand@gmail.com', '2002-08-06', '2023-02-14');
insert into studentinfo values(118, 'Aravind', 'Tambaram', 5119,'sql', 218,'Aravind@gmail.com', '2005-07-12', '2024-05-15');
insert into studentinfo values(119, 'Arulraj', 'Tnagar', 5120,'sql', 219,'Arulraj@gmail.com', '2000-05-16', '2023-06-16');
insert into studentinfo values(120, 'Ashwin', 'Anna Nagar', 5121,'Frontend', 220,'Ashwin@gmail.com', '2001-03-23', '2022-03-31');
insert into studentinfo values(121, 'Bharat', 'Tambaram', 5122,'backend', 221,'Bharat@gmail.com', '2001-05-20', '2022-09-15');
insert into studentinfo values(122, 'Dharun', 'Tambaram', 5123,'data analyst', 222,'Dharun@gmail.com', '2000-07-18', '2024-12-12');
insert into studentinfo values(123, 'Kailash', 'Tambaram', 5124,'data analyst', 223,'Kailash@gmail.com', '2000-09-16', '2021-03-16');
insert into studentinfo values(124, 'Karthik', 'Tnagar', 5125,'sql', 224,'Karthik@gmail.com', '2001-11-14', '2021-04-30');
insert into studentinfo values(125, 'Lakshman', 'Tambaram', 5126,'data analyst', 225,'Lakshman@gmail.com', '2003-01-12', '2024-09-25');
insert into studentinfo values(126, 'Mahesh', 'OMR', 5127,'sql', 226,'Mahesh@gmail.com', '2005-03-12', '2022-10-15');
insert into studentinfo values(127, 'Navin', 'velachery', 5128,'python', 227,'Navin@gmail.com', '2001-05-10', '2024-08-15');
insert into studentinfo values(128, 'Prasanna', 'vadapalani', 5129,'data science', 228,'Prasanna@gmail.com', '2003-07-09', '2023-11-07');
insert into studentinfo values(129, 'Siddharth', 'Hosur', 5130,'java', 229,'Siddharth@gmail.com', '2000-09-06', '2024-09-19');
insert into studentinfo values(130, 'Aaradhana', 'Tambaram', 5131,'sql', 230,'Aaradhana@gmail.com', '2000-11-04', '2024-09-15');
insert into studentinfo values(131, 'Bhuvana', 'OMR', 5132,'java', 231,'Bhuvana@gmail.com', '2002-01-02', '2022-06-10');
insert into studentinfo values(132, 'Devi', 'Anna Nagar', 5133,'python',232, 'Devi@gmail.com', '2001-03-02', '2021-07-15');
insert into studentinfo values(133, 'Ilamathi', 'Tambaram', 5134,'Data analyst', 233,'Ilamathi@gmail.com', '2003-05-01', '2023-05-09');
insert into studentinfo values(134, 'Kaviya', 'OMR', 5135,'java', 234,'Kaviya@gmail.com', '2001-11-04', '2022-04-25');
insert into studentinfo values(135, 'Mangai', 'Tnagar',5136, 'python', 235,'Mangai@gmail.com', '2002-02-02', '2021-07-30');
insert into studentinfo values(136, 'Nalini', 'vadapalani', 5137,'data science', 236,'Nalini@gmail.com', '2005-03-02', '2022-02-08');
insert into studentinfo values(137, 'Oviya', 'Anna Nagar', 5138,'java', 237,'Oviya@gmail.com', '2003-05-11', '2020-12-03');
insert into studentinfo values(138, 'Punitha', 'Tambaram', 5139,'python', 238,'Punitha@gmail.com', '2000-11-14', '2021-05-15');
insert into studentinfo values(139, 'Rathika', 'Tnagar', 5140,'java', 239,'Rathika@gmail.com', '2002-12-02', '2022-01-19');
insert into studentinfo values(140, 'Selvi', 'Tambaram', 5141,'data science', 240,'Selvi@gmail.com', '2004-03-02', '2021-09-29');
insert into studentinfo values(141, 'Tharini', 'OMR', 5142,'data analyst', 241,'Tharini@gmail.com', '2003-05-01', '2020-04-12');
insert into studentinfo values(142, 'Udhaya', 'velachery', 5143,'sql', 242,'Udhaya@gmail.com', '2000-11-24', '2023-07-30');
insert into studentinfo values(143, 'Valli', 'Hosur', 5144,'python', 243,'Valli@gmail.com', '2004-08-02', '2021-10-10');
insert into studentinfo values(144, 'Yalini', 'vadapalani',5145, 'data science', 244,'Yalini@gmail.com', '2002-03-02', '2020-05-19');
insert into studentinfo values(145, 'Janani', 'Mylapore', 5146,'java', 245,'Janani@gmail.com', '2005-05-01', '2021-03-28');
insert into studentinfo values(146, 'Abirami', 'Tambaram', 5147,'data science', 246,'Abirami@gmail.com', '2000-11-04', '2020-09-16');
insert into studentinfo values(147, 'Meenakshi', 'OMR', 5148,'java', 247,'Meenakshi@gmail.com', '2002-01-02', '2021-04-07');
insert into studentinfo values(148, 'Nithya', 'Tambaram', 5149,'python', 248,'Nithya@gmail.com', '2001-03-02', '2022-06-30');
insert into studentinfo values(149, 'Pavithra', 'Hosur', 5150,'sql', 249,'Pavithra@gmail.com', '2003-05-01', '2021-09-15');
insert into studentinfo values(150, 'Sangeetha', 'velachery',5151, 'java', 250,'Sangeetha@gmail.com', '2000-11-04', '2020-04-23');
insert into studentinfo values(151, 'Thamarai', 'Anna Nagar', 5152,'python', 251,'Thamarai@gmail.com', '2002-01-02', '2022-12-12');
insert into studentinfo values(152, 'Vanathi', 'Tambaram', 5153,'data analyst', 252,'Vanathi@gmail.com', '2001-03-02', '2021-04-05');
insert into studentinfo values(153, 'Isaiyani', 'Hosur', 5154,'data analyst', 253,'Isaiyani@gmail.com', '2003-05-01', '2020-04-10');
insert into studentinfo values(154, 'Nandhini', 'OMR', 5155,'java', 254,'Nandhini@gmail.com', '2000-11-04', '2021-03-07');
insert into studentinfo values(155, 'Priya', 'vadapalani',5156, 'data science', 255,'Priya@gmail.com', '2002-01-02', '2021-04-30');
insert into studentinfo values(156, 'Srinivas', 'velacherY', 5157,'data analyst', 256,'Srinivas@gmail.com', '2003-07-10', '2020-01-04');
insert into studentinfo values(157, 'Thirumal', 'tnagar', 5158,'java', 257,'Thirumal@gmail.com', '2000-05-25', '2021-03-31');
insert into studentinfo values(158, 'Udayan', 'hosur', 5159,'java', 258,'Udayan@gmail.com', '2001-03-15', '2022-01-07');
insert into studentinfo values(159, 'Vikram', 'velachery', 5160,'Data analyst', 259,'Vikram@gmail.com', '2001-04-16', '2021-04-08');
insert into studentinfo values(160, 'Yashwanth', 'OMR', 5161,'data science', 260,'Yashwanth@gmail.com', '2000-10-18', '2020-01-18');
insert into studentinfo values(161, 'Arjun', 'hosur', 5162,'sql', 261,'Arjun@gmail.com', '2001-03-21', '2021-02-06');
insert into studentinfo values(162, 'Bhargav', 'velachery',5163, 'python', 262,'Bhargav@gmail.com', '2000-07-21', '2022-04-18');
insert into studentinfo values(163, 'Chandran', 'OMR', 5164,'data science', 263,'Chandran@gmail.com', '2002-05-29', '2024-02-28');
insert into studentinfo values(164, 'Gokul', 'hosur',5165, 'python', 264,'Gokul@gmail.com', '2005-06-13', '2020-09-21');
insert into studentinfo values(165, 'Hrithik', 'vadapalani',5166, 'java', 265,'Hrithik@gmail.com', '2004-02-03', '2021-04-08');
insert into studentinfo values(166, 'Jayanth', 'Tnagar', 5167,'sql', 266,'Jayanth@gmail.com', '2001-01-19', '2022-12-30');
insert into studentinfo values(167, 'Kaushik', 'OMR', 5168,'sql', 267,'Kaushik@gmail.com', '2003-11-13', '2021-03-08');
insert into studentinfo values(168, 'Manoj', 'Anna Nagar',5169, 'java', 268,'Manoj@gmail.com', '2000-02-25', '2024-07-10');
insert into studentinfo values(169, 'Naveen', 'Tnagar', 5170,'frontend', 269,'Naveen@gmail.com', '2000-04-11', '2022-01-18');
insert into studentinfo values(170, 'Rishab', 'OMR', 5171,'backend', 270,'Rishab@gmail.com', '2002-05-19', '2023-04-01');
insert into studentinfo values(171, 'Aadhya', 'Tambaram',5172, 'python', 271,'Aadhya@gmail.com', '2004-04-13', '2024-04-04');
insert into studentinfo values(172, 'Aaradhana', 'OMR', 5173,'frontend', 272,'Aaradhana@gmail.com', '2004-09-12', '2021-09-20');
insert into studentinfo values(173, 'Akila', 'Tambaram', 5174,'frontend', 273,'Akila@gmail.com', '2002-08-26', '2022-01-06');
insert into studentinfo values(174, 'Ammu', 'Tambaram', 5175,'python', 274,'Ammu@gmail.com', '2005-07-15', '2022-01-08');
insert into studentinfo values(175, 'Anusha', 'Tnagar', 5176,'data analyst', 275,'Anusha@gmail.com', '2002-05-16', '2021-06-23');
insert into studentinfo values(176, 'Bhavani', 'Anna Nagar', 5177,'frontend', 276,'Bhavani@gmail.com', '2001-03-23', '2024-09-15');
insert into studentinfo values(177, 'Gowri', 'Tambaram', 5178,'backend', 277,'Gowri@gmail.com', '2001-05-27', '2022-11-05');
insert into studentinfo values(178, 'Ishwariya', 'Tambaram', 5179,'python', 278,'Ishwariya@gmail.com', '2000-07-08', '2021-02-07');
insert into studentinfo values(179, 'Janani', 'Tambaram', 5180,'sql', 279,'Janani@gmail.com', '2003-09-16', '2024-12-05');
insert into studentinfo values(180, 'Jayanthi', 'Tnagar', 5181,'python', 280,'Jayanthi@gmail.com', '2001-01-14', '2022-03-19');
insert into studentinfo values(181, 'Kavya', 'Tambaram', 5182,'sql', 281,'Kavya@gmail.com', '2003-01-22', '2023-02-14');
insert into studentinfo values(182, 'Lavanya', 'OMR', 5183,'sql', 282,'Lavanya@gmail.com', '2005-03-18', '2024-05-15');
insert into studentinfo values(183, 'Meena', 'velachery', 5184,'sql', 283,'Meena@gmail.com', '2001-05-19', '2023-06-16');
insert into studentinfo values(184, 'Nandini', 'vadapalani', 5185,'Frontend',284, 'Nandini@gmail.com', '2003-04-09', '2022-03-31');
insert into studentinfo values(185, 'Pavithra', 'Hosur', 5186,'backend', 285,'Pavithra@gmail.com', '2002-09-06', '2022-09-15');
insert into studentinfo values(186, 'Priya', 'Tambaram', 5187,'data analyst', 286,'Priya@gmail.com', '2000-11-14', '2024-12-12');
insert into studentinfo values(187, 'Rajalakshmi', 'OMR', 5188,'data analyst', 287,'Rajalakshmi@gmail.com', '2002-02-02', '2021-03-16');
insert into studentinfo values(188, 'Samyuktha', 'Anna Nagar', 5189,'sql', 288,'Samyuktha@gmail.com', '2001-03-12', '2021-04-30');
insert into studentinfo values(189, 'Shalini', 'Tambaram', 5190,'data analyst', 289,'Shalini@gmail.com', '2003-01-06', '2024-09-25');
insert into studentinfo values(190, 'Sindhuja', 'OMR', 5191,'sql', 290,'Sindhuja@gmail.com', '2001-12-04', '2022-10-15');
insert into studentinfo values(191, 'Sneha', 'Tnagar', 5192,'python', 291,'Sneha@gmail.com', '2002-02-02', '2024-08-15');
insert into studentinfo values(192, 'Soundarya', 'vadapalani', 5193,'data science', 292,'Soundarya@gmail.com', '2005-03-02', '2023-11-07');
insert into studentinfo values(193, 'Vaishnavi', 'Anna Nagar', 5194,'java', 293,'Vaishnavi@gmail.com', '2003-05-16', '2024-09-19');
insert into studentinfo values(194, 'Pritha', 'Tambaram', 5195,'sql', 294,'Pritha@gmail.com', '2002-11-14', '2024-09-15');
insert into studentinfo values(195, 'Rakshitha', 'Tnagar', 5196,'java', 295,'Rakshitha@gmail.com', '2002-10-02', '2022-06-10');
insert into studentinfo values(196, 'Shristi', 'Tambaram', 5197,'python', 296,'Shristi@gmail.com', '2004-03-22', '2021-07-15');
insert into studentinfo values(197, 'Thanya', 'OMR', 5198,'Data analyst', 297,'Thanya@gmail.com', '2003-05-05', '2023-05-09');
insert into studentinfo values(198, 'Udhaya', 'velachery', 5199,'java', 298,'Udhaya@gmail.com', '2002-11-24', '2022-04-25');
insert into studentinfo values(199, 'Vanya', 'Hosur', 5200,'python', 299,'Vanya@gmail.com', '2004-03-02', '2021-07-30');
insert into studentinfo values(200, 'Yashna', 'vadapalani',5201, 'data science', 300,'Yashna@gmail.com', '2002-03-02', '2022-02-08');

select*from studentinfo;


create table branchesinfo ( stud_branch_id int, stud_branches_name varchar(30),
constraint pk primary key (stud_branch_id));
insert into branchesinfo values (5101,'velachery');
insert into branchesinfo values (5102,'tnagar');
insert into branchesinfo values (5103,'hosur');
insert into branchesinfo values (5104,'velachery');
insert into branchesinfo values (5105,'OMR');
insert into branchesinfo values (5106,'hosur');
insert into branchesinfo values (5107,'velachery');
insert into branchesinfo values (5108,'OMR');
insert into branchesinfo values (5109,'hosur');
insert into branchesinfo values (5110,'vadapalani');
insert into branchesinfo values (5111,'Tnagar');
insert into branchesinfo values (5112,'OMR');
insert into branchesinfo values (5113,'Anna Nagar');
insert into branchesinfo values (5114,'Tnagar');
insert into branchesinfo values (5115,'OMR');
insert into branchesinfo values (5116,'Tambaram');
insert into branchesinfo values (5117,'OMR');
insert into branchesinfo values (5118,'Tambaram');
insert into branchesinfo values (5119,'Tambaram');
insert into branchesinfo values (5120,'Tnagar');
insert into branchesinfo values (5121,'Anna Nagar');
insert into branchesinfo values (5122,'Tambaram');
insert into branchesinfo values (5123,'Tambaram');
insert into branchesinfo values (5124,'Tambaram');
insert into branchesinfo values (5125,'Tnagar');
insert into branchesinfo values (5126,'Tambaram');
insert into branchesinfo values (5127,'OMR');
insert into branchesinfo values (5128,'velachery');
insert into branchesinfo values (5129,'vadapalani');
insert into branchesinfo values (5130,'Hosur');
insert into branchesinfo values (5131,'Tambaram');
insert into branchesinfo values (5132,'OMR');
insert into branchesinfo values (5133,'Anna Nagar');
insert into branchesinfo values (5134,'Tambaram');
insert into branchesinfo values (5135,'OMR');
insert into branchesinfo values (5136,'Tnagar');
insert into branchesinfo values (5137,'vadapalani');
insert into branchesinfo values (5138,'Anna Nagar');
insert into branchesinfo values (5139,'Tambaram');
insert into branchesinfo values (5140,'Tnagar');
insert into branchesinfo values (5141,'Tambaram');
insert into branchesinfo values (5142,'OMR');
insert into branchesinfo values (5143,'velachery');
insert into branchesinfo values (5144,'Hosur');
insert into branchesinfo values (5145,'vadapalani');
insert into branchesinfo values (5146,'Mylapore');
insert into branchesinfo values (5147,'Tambaram');
insert into branchesinfo values (5148,'OMR');
insert into branchesinfo values (5149,'Tambaram');
insert into branchesinfo values (5150,'Hosur');
insert into branchesinfo values (5151,'velachery');
insert into branchesinfo values (5152,'Anna Nagar');
insert into branchesinfo values (5153,'Tambaram');
insert into branchesinfo values (5154,'Hosur');
insert into branchesinfo values (5155,'OMR');
insert into branchesinfo values (5156,'vadapalani');
insert into branchesinfo values (5157,'Anna Nagar');
insert into branchesinfo values (5158,'Tambaram');
insert into branchesinfo values (5159,'Tnagar');
insert into branchesinfo values (5160,'Mylapore');
insert into branchesinfo values (5161,'velachery');
insert into branchesinfo values (5162,'Tambaram');
insert into branchesinfo values (5163,'Tnagar');
insert into branchesinfo values (5164,'vadapalani');
insert into branchesinfo values (5165,'Anna Nagar');
insert into branchesinfo values (5166,'OMR');
insert into branchesinfo values (5167,'Mylapore');
insert into branchesinfo values (5168,'velachery');
insert into branchesinfo values (5169,'Tambaram');
insert into branchesinfo values (5170,'Tambaram');
insert into branchesinfo values (5171,'Hosur');
insert into branchesinfo values (5172,'Anna Nagar');
insert into branchesinfo values (5173,'Tambaram');
insert into branchesinfo values (5174,'velachery');
insert into branchesinfo values (5175,'OMR');
insert into branchesinfo values (5176,'vadapalani');
insert into branchesinfo values (5177,'Tnagar');
insert into branchesinfo values (5178,'Mylapore');
insert into branchesinfo values (5179,'Anna Nagar');
insert into branchesinfo values (5180,'Hosur');
insert into branchesinfo values (5181,'Tambaram');
insert into branchesinfo values (5182,'Hosur');
insert into branchesinfo values (5183,'velachery');
insert into branchesinfo values (5184,'Tambaram');
insert into branchesinfo values (5185,'Tnagar');
insert into branchesinfo values (5186,'vadapalani');
insert into branchesinfo values (5187,'Anna Nagar');
insert into branchesinfo values (5188,'OMR');
insert into branchesinfo values (5189,'Hosur');
insert into branchesinfo values (5190,'Tambaram');
insert into branchesinfo values (5191,'velachery');
insert into branchesinfo values (5192,'Tambaram');
insert into branchesinfo values (5193,'Anna Nagar');
insert into branchesinfo values (5194,'Hosur');
insert into branchesinfo values (5195,'vadapalani');
insert into branchesinfo values (5196,'vadapalani');
insert into branchesinfo values (5197,'OMR');
insert into branchesinfo values (5198,'Tambaram');
insert into branchesinfo values (5199,'Tambaram');
insert into branchesinfo values (5200,'Mylapore');
insert into branchesinfo values (5201,'Tnagar');
insert into branchesinfo values (5202,'Hosur');
insert into branchesinfo values (5203,'Mylapore');
insert into branchesinfo values (5204,'vadapalani');
insert into branchesinfo values (5205,'Hosur');
insert into branchesinfo values (5206,'velachery');
insert into branchesinfo values (5207,'vadapalani');
insert into branchesinfo values (5208,'OMR');
insert into branchesinfo values (5209,'velachery');
insert into branchesinfo values (5210,'Tambaram');
insert into branchesinfo values (5211,'Anna Nagar');
insert into branchesinfo values (5212,'Ashok Nagar');
insert into branchesinfo values (5213,'Tnagar');
insert into branchesinfo values (5214,'Tambaram');
insert into branchesinfo values (5215,'Anna Nagar');
insert into branchesinfo values (5216,'OMR');
insert into branchesinfo values (5217,'velachery');
insert into branchesinfo values (5218,'Tnagar');
insert into branchesinfo values (5219,'Hosur');
insert into branchesinfo values (5220,'velachery');
insert into branchesinfo values (5221,'vadapalani');
insert into branchesinfo values (5222,'OMR');
insert into branchesinfo values (5223,'Mylapore');
insert into branchesinfo values (5224,'Tambaram');
insert into branchesinfo values (5225,'Tnagar');
insert into branchesinfo values (5226,'Anna Nagar');
insert into branchesinfo values (5227,'Anna Nagar');
insert into branchesinfo values (5228,'Tambaram');
insert into branchesinfo values (5229,'velachery');
insert into branchesinfo values (5230,'Tambaram');
insert into branchesinfo values (5231,'Tambaram');
insert into branchesinfo values (5232,'OMR');
insert into branchesinfo values (5233,'Tnagar');
insert into branchesinfo values (5234,'Mylapore');
insert into branchesinfo values (5235,'vadapalani');
insert into branchesinfo values (5236,'Hosur');
insert into branchesinfo values (5237,'OMR');
insert into branchesinfo values (5238,'velachery');
insert into branchesinfo values (5239,'Ashok Nagar');
insert into branchesinfo values (5240,'OMR');
insert into branchesinfo values (5241,'Tambaram');
insert into branchesinfo values (5242,'Anna Nagar');
insert into branchesinfo values (5243,'Mylapore');
insert into branchesinfo values (5244,'Hosur');
insert into branchesinfo values (5245,'vadapalani');
insert into branchesinfo values (5246,'Ashok Nagar');
insert into branchesinfo values (5247,'velachery');
insert into branchesinfo values (5248,'Tnagar');
insert into branchesinfo values (5249,'Tambaram');
insert into branchesinfo values (5250,'vadapalani');
insert into branchesinfo values (5251,'Anna Nagar');
insert into branchesinfo values (5252,'Ashok Nagar');
insert into branchesinfo values (5253,'OMR');
insert into branchesinfo values (5254,'velachery');
insert into branchesinfo values (5255,'Tnagar');
insert into branchesinfo values (5256,'vadapalani');
insert into branchesinfo values (5257,'Mylapore');
insert into branchesinfo values (5258,'Hosur');
insert into branchesinfo values (5259,'velachery');
insert into branchesinfo values (5260,'Ashok Nagar');
insert into branchesinfo values (5261,'Anna Nagar');
insert into branchesinfo values (5262,'OMR');
insert into branchesinfo values (5263,'Mylapore');
insert into branchesinfo values (5264,'Ashok Nagar');
insert into branchesinfo values (5265,'velachery');
insert into branchesinfo values (5266,'vadapalani');
insert into branchesinfo values (5267,'Tambaram');
insert into branchesinfo values (5268,'velachery');
insert into branchesinfo values (5269,'Tambaram');
insert into branchesinfo values (5270,'Anna Nagar');
insert into branchesinfo values (5271,'Mylapore');
insert into branchesinfo values (5272,'Hosur');
insert into branchesinfo values (5273,'Ashok Nagar');
insert into branchesinfo values (5274,'Mylapore');
insert into branchesinfo values (5275,'velachery');
insert into branchesinfo values (5276,'Tnagar');
insert into branchesinfo values (5277,'Ashok Nagar');
insert into branchesinfo values (5278,'vadapalani');
insert into branchesinfo values (5279,'vadapalani');
insert into branchesinfo values (5280,'velachery');
insert into branchesinfo values (5281,'Ashok Nagar');
insert into branchesinfo values (5282,'Hosur');
insert into branchesinfo values (5283,'Anna Nagar');
insert into branchesinfo values (5284,'Tambaram');
insert into branchesinfo values (5285,'Ashok Nagar');
insert into branchesinfo values (5286,'Mylapore');
insert into branchesinfo values (5287,'Tnagar');
insert into branchesinfo values (5288,'Ashok Nagar');
insert into branchesinfo values (5289,'Anna Nagar');
insert into branchesinfo values (5290,'vadapalani');
insert into branchesinfo values (5291,'velachery');
insert into branchesinfo values (5292,'velachery');
insert into branchesinfo values (5293,'Mylapore');
insert into branchesinfo values (5294,'velachery');
insert into branchesinfo values (5295,'Hosur');
insert into branchesinfo values (5296,'vadapalani');
insert into branchesinfo values (5297,'Mylapore');
insert into branchesinfo values (5298,'vadapalani');
insert into branchesinfo values (5299,'Anna Nagar');
insert into branchesinfo values (5300,'Anna Nagar');
select * from branchinfo;




create table coursesinfo (stud_course_id int, stud_course_name varchar(20),
constraint pk primary key (stud_course_id));

insert into coursesinfo values(200,'python');
insert into coursesinfo values(201,'java');
insert into coursesinfo values(202,'sql');
insert into coursesinfo values(203,'sql');
insert into coursesinfo values(204,'java');
insert into coursesinfo values(205,'frontend');
insert into coursesinfo values(206,'backend');
insert into coursesinfo values(207,'python');
insert into coursesinfo values(208,'frontend');
insert into coursesinfo values(209,'frontend');
insert into coursesinfo values(210,'python');
insert into coursesinfo values(211,'data analyst');
insert into coursesinfo values(212,'frontend');
insert into coursesinfo values(213,'backend');
insert into coursesinfo values(214,'python');	
insert into coursesinfo values(215,'sql');	
insert into coursesinfo values(216,'python');
insert into coursesinfo values(217,'sql');
insert into coursesinfo values(218,'sql');
insert into coursesinfo values(219,'sql');
insert into coursesinfo values(220,'Frontend');	
insert into coursesinfo values(221,'backend');
insert into coursesinfo values(222,'data analyst');	
insert into coursesinfo values(223,'data analyst');
insert into coursesinfo values(224,'sql');
insert into coursesinfo values(225,'data analyst');
insert into coursesinfo values(226,'sql');
insert into coursesinfo values(227,'python');
insert into coursesinfo values(228,'data science');	
insert into coursesinfo values(229,'java');
insert into coursesinfo values(230,'sql');
insert into coursesinfo values(231,'java');
insert into coursesinfo values(232,'python');
insert into coursesinfo values(233,'Data analyst');	
insert into coursesinfo values(234,'java');
insert into coursesinfo values(235,'python');	
insert into coursesinfo values(236,'data science');
insert into coursesinfo values(237,'java');
insert into coursesinfo values(238,'python');	
insert into coursesinfo values(239,'java');
insert into coursesinfo values(240,'data science');
insert into coursesinfo values(241,'data analyst');	
insert into coursesinfo values(242,'sql');	
insert into coursesinfo values(243,'python');	
insert into coursesinfo values(244,'data science');	
insert into coursesinfo values(245,'java');
insert into coursesinfo values(246,'data science');	
insert into coursesinfo values(247,'java');	
insert into coursesinfo values(248,'python');
insert into coursesinfo values(249,'sql');
insert into coursesinfo values(250,'java');
insert into coursesinfo values(251,'python');
insert into coursesinfo values(252,'data analyst');
insert into coursesinfo values(253,'data analyst');
insert into coursesinfo values(254,'java');
insert into coursesinfo values(255,'data science');	
insert into coursesinfo values(256,'data analyst');	
insert into coursesinfo values(257,'java');	
insert into coursesinfo values(258,'java');	
insert into coursesinfo values(259,'Data analyst	');
insert into coursesinfo values(260,'data science');	
insert into coursesinfo values(261,'sql');
insert into coursesinfo values(262,'python');	
insert into coursesinfo values(263,'data science');	
insert into coursesinfo values(264,'java');
insert into coursesinfo values(265,'data science');	
insert into coursesinfo values(266,'sql');	
insert into coursesinfo values(267,'python');
insert into coursesinfo values(268,'data science');
insert into coursesinfo values(269,'python');
insert into coursesinfo values(270,'data science');
insert into coursesinfo values(271,'Data analyst');
insert into coursesinfo values(272,'java');
insert into coursesinfo values(273,'sql');
insert into coursesinfo values(274,'python');
insert into coursesinfo values(275,'data science');
insert into coursesinfo values(276,'python');
insert into coursesinfo values(277,'data science');
insert into coursesinfo values(278,'Data analyst');
insert into coursesinfo values(279,'java');
insert into coursesinfo values(280,'sql');
insert into coursesinfo values(281,'sql');
insert into coursesinfo values(282,'python');	
insert into coursesinfo values(283,'data science');	
insert into coursesinfo values(284,'java');
insert into coursesinfo values(285,'data science');	
insert into coursesinfo values(286,'sql');	
insert into coursesinfo values(287,'python');
insert into coursesinfo values(288,'data science');
insert into coursesinfo values(289,'python');
insert into coursesinfo values(290,'data science');
insert into coursesinfo values(291,'Data analyst');
insert into coursesinfo values(292,'java');
insert into coursesinfo values(293,'sql');
insert into coursesinfo values(294,'python');
insert into coursesinfo values(295,'data science');
insert into coursesinfo values(296,'python');
insert into coursesinfo values(297,'data science');
insert into coursesinfo values(298,'Data analyst');
insert into coursesinfo values(299,'java');
insert into coursesinfo values(300,'sql');
insert into coursesinfo values(301,'python');
insert into coursesinfo values(302,'data analyst');
insert into coursesinfo values(303,'frontend');
insert into coursesinfo values(304,'backend');
insert into coursesinfo values(305,'python');	
insert into coursesinfo values(306,'sql');	
insert into coursesinfo values(307,'python');
insert into coursesinfo values(308,'sql');
insert into coursesinfo values(309,'sql');
insert into coursesinfo values(310,'sql');
insert into coursesinfo values(311,'Frontend');	
insert into coursesinfo values(312,'backend');
insert into coursesinfo values(313,'data analyst');	
insert into coursesinfo values(314,'data analyst');
insert into coursesinfo values(315,'sql');
insert into coursesinfo values(316,'data analyst');
insert into coursesinfo values(317,'sql');
insert into coursesinfo values(318,'python');
insert into coursesinfo values(319,'data science');	
insert into coursesinfo values(320,'java');
insert into coursesinfo values(321,'sql');
insert into coursesinfo values(322,'java');
insert into coursesinfo values(323,'python');
insert into coursesinfo values(324,'Data analyst');	
insert into coursesinfo values(325,'python');	
insert into coursesinfo values(326,'data science');
insert into coursesinfo values(327,'java');
insert into coursesinfo values(328,'python');	
insert into coursesinfo values(329,'data science');
insert into coursesinfo values(330,'data analyst');	
insert into coursesinfo values(331,'sql');	
insert into coursesinfo values(332,'python');	
insert into coursesinfo values(333,'data science');	
insert into coursesinfo values(334,'java');
insert into coursesinfo values(335,'data analyst');
insert into coursesinfo values(336,'data science');	
insert into coursesinfo values(337,'java');	
insert into coursesinfo values(338,'python');
insert into coursesinfo values(339,'sql');
insert into coursesinfo values(340,'java');
insert into coursesinfo values(341,'python');
insert into coursesinfo values(342,'data analyst');
insert into coursesinfo values(343,'data analyst');
insert into coursesinfo values(344,'java');
insert into coursesinfo values(345,'data science');	
insert into coursesinfo values(346,'data analyst');	
insert into coursesinfo values(347,'java');	
insert into coursesinfo values(348,'java');	
insert into coursesinfo values(349,'Data analyst	');
insert into coursesinfo values(350,'data science');	
insert into coursesinfo values(351,'sql');
insert into coursesinfo values(352,'python');	
insert into coursesinfo values(353,'data science');	
insert into coursesinfo values(354,'java');
insert into coursesinfo values(355,'data science');	
insert into coursesinfo values(356,'sql');	
insert into coursesinfo values(357,'python');
insert into coursesinfo values(358,'data science');
insert into coursesinfo values(359,'python');
insert into coursesinfo values(360,'data science');
insert into coursesinfo values(361,'Data analyst');
insert into coursesinfo values(362,'java');
insert into coursesinfo values(363,'sql');
insert into coursesinfo values(364,'python');
insert into coursesinfo values(365,'data science');
insert into coursesinfo values(366,'python');
insert into coursesinfo values(367,'data science');
insert into coursesinfo values(368,'Data analyst');
insert into coursesinfo values(369,'java');
insert into coursesinfo values(370,'sql');
insert into coursesinfo values(371,'sql');
insert into coursesinfo values(372,'python');	
insert into coursesinfo values(373,'data science');	
insert into coursesinfo values(374,'java');
insert into coursesinfo values(378,'data science');	
insert into coursesinfo values(379,'sql');	
insert into coursesinfo values(380,'python');
insert into coursesinfo values(381,'data science');
insert into coursesinfo values(382,'python');
insert into coursesinfo values(383,'data science');
insert into coursesinfo values(384,'Data analyst');
insert into coursesinfo values(385,'java');
insert into coursesinfo values(386,'sql');
insert into coursesinfo values(387,'python');
insert into coursesinfo values(388,'data science');
insert into coursesinfo values(389,'python');
insert into coursesinfo values(390,'data science');
insert into coursesinfo values(391,'Data analyst');
insert into coursesinfo values(392,'java');
insert into coursesinfo values(393,'sql');
insert into coursesinfo values(394,'python');
insert into coursesinfo values(395,'data science');
insert into coursesinfo values(396,'Data analyst');
insert into coursesinfo values(397,'java');
insert into coursesinfo values(398,'sql');
insert into coursesinfo values(399,'Data analyst');
insert into coursesinfo values(400,'java');
select*from coursesinfo;


create table placementsinfo (stud_id int, placed_company varchar(20), placed_ctc float, stud_join_dt date);
insert into placementsinfo values(100,'infosys',4.5,'2024-01-22');
insert into placementsinfo values(101,'TCS',5,'2024-02-09');
insert into placementsinfo values(102,'ZOHO',5.5,'2024-01-05');
insert into placementsinfo values(103,'INFOSYS',3.2,'2023-12-06');
insert into placementsinfo values(104,'TCS',5.3,'2024-02-07');
insert into placementsinfo values(105,'INFOSYS',4.6,'2023-12-22');
insert into placementsinfo values(106,'ZOHO',3,'2024-02-09');
insert into placementsinfo values(107,'HCL',4,'2022-06-03');
insert into placementsinfo values(108,'HCL',4.7,'2024-01-09');
insert into placementsinfo values(109,'TCS',5,'2024-08-12');
insert into placementsinfo values(110,'HCL',6.0,'2022-01-8');
insert into placementsinfo values(111,'ZOHO',2.0,'2021-06-23');
insert into placementsinfo values(112,'INFOSYS',5.2,'2024-09-15');
insert into placementsinfo values(113,'TCS',3.7,'2022-11-05');
insert into placementsinfo values(114,'HCL',8.0,'2021-02-07');
insert into placementsinfo values(115,'TCS','3.8','2024-12-05');
insert into placementsinfo values(116,'INFOSYS','4.0','2022-03-19');
insert into placementsinfo values(117,'HCL','2.9','2023-02-14');
insert into placementsinfo values(118,'ZOHO','4.5','2024-05-15');
insert into placementsinfo values(119,'HCL','5.0','2023-06-16');
insert into placementsinfo values(120,'ZOHO','2.7','2022-03-31');
insert into placementsinfo values(121,'GOOGLE','3.8','2022-09-15');
insert into placementsinfo values(122,'HCL','3.2','2024-12-12');
insert into placementsinfo values(123,'INFOSYS','4','2021-03-16');
insert into placementsinfo values(124,'HCL','8.0','2021-04-30');
insert into placementsinfo values(125,'TCS','6.5','2024-09-25');
insert into placementsinfo values(126,'ZOHO','4','2022-10-15');
insert into placementsinfo values(127,'HCL','2.8','2024-08-15');
insert into placementsinfo values(128,'HCL','3.7','2023-11-07');
insert into placementsinfo values(129,'ZOHO','5.0','2024-09-19');
insert into placementsinfo values(130,'INFOSYS','4.6','2024-09-15');
insert into placementsinfo values(131,'HCL','4.0','2022-06-10');
insert into placementsinfo values(132,'ZOHO','8.0','2021-07-15');
insert into placementsinfo values(133,'INFOSYS','3.9','2023-05-09');
insert into placementsinfo values(134,'ZOHO','2.8','2022-04-25');
insert into placementsinfo values(135,'TCS','4.5','2021-07-30');
insert into placementsinfo values(136,'TCS','4.6','2022-02-08');
insert into placementsinfo values(137,'ZOHO','4.7','2020-12-03');
insert into placementsinfo values(138,'HCL','5','2021-05-15');
insert into placementsinfo values(139,'INFOSYS','4.8','2022-01-19');
insert into placementsinfo values(140,'HCL','3.6','2021-09-29');
insert into placementsinfo values(141,'HCL','5.0','2020-04-12');
insert into placementsinfo values(142,'ZOHO','6.2','2023-07-30');
insert into placementsinfo values(143,'INFOSYS','2.7','2021-10-10');
insert into placementsinfo values(144,'TCS','4','2020-05-19');
insert into placementsinfo values(145,'GOOGLE','2.5','2021-03-28');
insert into placementsinfo values(146,'GOOGLE','4.6','2020-09-16');
insert into placementsinfo values(147,'ZOHO','5.0','2021-04-07');
insert into placementsinfo values(148,'TCS','2.8','2022-06-30');
insert into placementsinfo values(149,'HCL','3.6','2021-09-15');
insert into placementsinfo values(150,'GOOGLE','5.0','2020-04-23');
insert into placementsinfo values(151,'ZOHO','6.2','2022-12-12');
insert into placementsinfo values(152,'TCS','5.0','2021-04-05');
insert into placementsinfo values(153,'TCS','3.6','2020-04-10');
insert into placementsinfo values(154,'INFOSYS','6.2','2021-03-07');
insert into placementsinfo values(155,'ZOHO','3.6','2021-04-30');
insert into placementsinfo values(156,'GOOGLE','5.0','2020-01-04');
insert into placementsinfo values(157,'INFOSYS','2.5','2021-03-31');
insert into placementsinfo values(158,'ZOHO','2.5','2022-01-07');
insert into placementsinfo values(159,'GOOGLE','3.6','2021-04-08');
insert into placementsinfo values(160,'TCS','6.2','2020-01-18');
insert into placementsinfo values(161,'AMAZON','6.5','2021-02-06');
insert into placementsinfo values(162,'FLIPKART','4','2022-04-18');
insert into placementsinfo values(163,'ZOHO','3.0','2024-02-28');
insert into placementsinfo values(164,'PAYTM','4.3','2020-09-21');
insert into placementsinfo values(165,'PAYTM','6.1','2021-04-08');
insert into placementsinfo values(166,'AMAZON','3.8','2022-12-30');
insert into placementsinfo values(167,'AMAZON','2.9','2021-03-08');
insert into placementsinfo values(168,'FLIPKART','3.2','2024-07-10');
insert into placementsinfo values(169,'HCL','6.0','2022-01-18');
insert into placementsinfo values(170,'HCL','4.2','2023-04-01');
insert into placementsinfo values(171,'INFOSYS','2.8','2024-04-04');
insert into placementsinfo values(172,'ZOHO','8.1','2021-09-20');
insert into placementsinfo values(173,'AMAZON','2.7','2022-01-06');
insert into placementsinfo values(174,'HCL',6.0,'2022-01-8');
insert into placementsinfo values(175,'ZOHO',2.0,'2021-06-23');
insert into placementsinfo values(176,'INFOSYS',5.2,'2024-09-15');
insert into placementsinfo values(177,'TCS',3.7,'2022-11-05');
insert into placementsinfo values(178,'HCL',8.0,'2021-02-07');
insert into placementsinfo values(179,'TCS','3.8','2024-12-05');
insert into placementsinfo values(180,'INFOSYS','4.0','2022-03-19');
insert into placementsinfo values(181,'HCL','2.9','2023-02-14');
insert into placementsinfo values(182,'ZOHO','4.5','2024-05-15');
insert into placementsinfo values(183,'HCL','5.0','2023-06-16');
insert into placementsinfo values(184,'ZOHO','2.7','2022-03-31');
insert into placementsinfo values(185,'GOOGLE','3.8','2022-09-15');
insert into placementsinfo values(186,'HCL','3.2','2024-12-12');
insert into placementsinfo values(187,'INFOSYS','4','2021-03-16');
insert into placementsinfo values(188,'HCL','8.0','2021-04-30');
insert into placementsinfo values(189,'TCS','6.5','2024-09-25');
insert into placementsinfo values(190,'ZOHO','4','2022-10-15');
insert into placementsinfo values(191,'HCL','2.8','2024-08-15');
insert into placementsinfo values(192,'HCL','3.7','2023-11-07');
insert into placementsinfo values(193,'ZOHO','5.0','2024-09-19');
insert into placementsinfo values(194,'INFOSYS','4.6','2024-09-15');
insert into placementsinfo values(195,'HCL','4.0','2022-06-10');
insert into placementsinfo values(196,'ZOHO','8.0','2021-07-15');
insert into placementsinfo values(197,'INFOSYS','3.9','2023-05-09');
insert into placementsinfo values(198,'ZOHO','2.8','2022-04-25');
insert into placementsinfo values(199,'TCS','4.5','2021-07-30');
insert into placementsinfo values(200,'TCS','4.6','2022-02-08');
insert into placementsinfo values(201,'ZOHO','4.7','2020-12-03');
insert into placementsinfo values(202,'HCL','5','2021-05-15');
insert into placementsinfo values(203,'INFOSYS','4.8','2022-01-19');
insert into placementsinfo values(204,'HCL','3.6','2021-09-29');
insert into placementsinfo values(205,'HCL','5.0','2020-04-12');
insert into placementsinfo values(206,'ZOHO','6.2','2023-07-30');
insert into placementsinfo values(207,'INFOSYS','2.7','2021-10-10');
insert into placementsinfo values(208,'TCS','4','2020-05-19');
insert into placementsinfo values(209,'GOOGLE','2.5','2021-03-28');
insert into placementsinfo values(210,'GOOGLE','4.6','2020-09-16');
insert into placementsinfo values(211,'ZOHO','5.0','2021-04-07');
insert into placementsinfo values(212,'TCS','2.8','2022-06-30');
insert into placementsinfo values(213,'HCL','3.6','2021-09-15');
insert into placementsinfo values(214,'GOOGLE','5.0','2020-04-23');
insert into placementsinfo values(215,'ZOHO','6.2','2022-12-12');
insert into placementsinfo values(216,'TCS','5.0','2021-04-05');
insert into placementsinfo values(217,'TCS','3.6','2020-04-10');
insert into placementsinfo values(218,'INFOSYS','6.2','2021-03-07');
insert into placementsinfo values(219,'ZOHO','3.6','2021-04-30');
insert into placementsinfo values(220,'GOOGLE','5.0','2020-01-04');
insert into placementsinfo values(221,'INFOSYS','2.5','2021-03-31');
insert into placementsinfo values(222,'ZOHO','2.5','2022-01-07');
insert into placementsinfo values(223,'GOOGLE','3.6','2021-04-08');
insert into placementsinfo values(224,'TCS','6.2','2020-01-18');
insert into placementsinfo values(225,'AMAZON','6.5','2021-02-06');
insert into placementsinfo values(226,'FLIPKART','4','2022-04-18');
insert into placementsinfo values(227,'ZOHO','3.0','2024-02-28');
insert into placementsinfo values(228,'PAYTM','4.3','2020-09-21');
insert into placementsinfo values(229,'PAYTM','6.1','2021-04-08');
insert into placementsinfo values(230,'AMAZON','3.8','2022-12-30');
insert into placementsinfo values(231,'AMAZON','2.9','2021-03-08');
insert into placementsinfo values(232,'FLIPKART','3.2','2024-07-10');
insert into placementsinfo values(233,'HCL','6.0','2022-01-18');
insert into placementsinfo values(234,'HCL','4.2','2023-04-01');
insert into placementsinfo values(235,'INFOSYS','2.8','2024-04-04');
insert into placementsinfo values(236,'ZOHO','8.1','2021-09-20');
insert into placementsinfo values(237,'AMAZON','2.7','2022-01-06');
insert into placementsinfo values(238,'GOOGLE','2.5','2021-03-28');
insert into placementsinfo values(239,'GOOGLE','4.6','2020-09-16');
insert into placementsinfo values(240,'ZOHO','5.0','2021-04-07');
insert into placementsinfo values(241,'TCS','2.8','2022-06-30');
insert into placementsinfo values(242,'HCL','3.6','2021-09-15');
insert into placementsinfo values(243,'GOOGLE','5.0','2020-04-23');
insert into placementsinfo values(244,'ZOHO','6.2','2022-12-12');
insert into placementsinfo values(245,'TCS','5.0','2021-04-05');
insert into placementsinfo values(246,'TCS','3.6','2020-04-10');
insert into placementsinfo values(247,'INFOSYS','6.2','2021-03-07');
insert into placementsinfo values(248,'ZOHO','3.6','2021-04-30');
insert into placementsinfo values(249,'GOOGLE','5.0','2020-01-04');
insert into placementsinfo values(250,'INFOSYS','2.5','2021-03-31');
insert into placementsinfo values(251,'ZOHO','2.5','2022-01-07');
insert into placementsinfo values(252,'GOOGLE','3.6','2021-04-08');
insert into placementsinfo values(253,'TCS','6.2','2020-01-18');
insert into placementsinfo values(254,'AMAZON','6.5','2021-02-06');
insert into placementsinfo values(255,'FLIPKART','4','2022-04-18');
insert into placementsinfo values(256,'ZOHO','3.0','2024-02-28');
insert into placementsinfo values(257,'PAYTM','4.3','2020-09-21');
insert into placementsinfo values(258,'PAYTM','6.1','2021-04-08');
insert into placementsinfo values(259,'AMAZON','3.8','2022-12-30');
insert into placementsinfo values(260,'AMAZON','2.9','2021-03-08');
insert into placementsinfo values(261,'FLIPKART','3.2','2024-07-10');
insert into placementsinfo values(262,'HCL','6.0','2022-01-18');
insert into placementsinfo values(263,'HCL','4.2','2023-04-01');
insert into placementsinfo values(264,'INFOSYS','2.8','2024-04-04');
insert into placementsinfo values(265,'ZOHO','8.1','2021-09-20');
insert into placementsinfo values(266,'TCS','2.8','2022-06-30');
insert into placementsinfo values(267,'HCL','3.6','2021-09-15');
insert into placementsinfo values(268,'GOOGLE','5.0','2020-04-23');
insert into placementsinfo values(269,'ZOHO','6.2','2022-12-12');
insert into placementsinfo values(270,'TCS','5.0','2021-04-05');
insert into placementsinfo values(271,'TCS','3.6','2020-04-10');
insert into placementsinfo values(272,'INFOSYS','6.2','2021-03-07');
insert into placementsinfo values(273,'ZOHO','3.6','2021-04-30');
insert into placementsinfo values(274,'GOOGLE','5.0','2020-01-04');
insert into placementsinfo values(275,'INFOSYS','2.5','2021-03-31');
insert into placementsinfo values(276,'ZOHO','2.5','2022-01-07');
insert into placementsinfo values(277,'GOOGLE','3.6','2021-04-08');
insert into placementsinfo values(278,'TCS','6.2','2020-01-18');
insert into placementsinfo values(279,'AMAZON','6.5','2021-02-06');
insert into placementsinfo values(280,'FLIPKART','4','2022-04-18');
insert into placementsinfo values(281,'ZOHO','3.0','2024-02-28');
insert into placementsinfo values(282,'PAYTM','4.3','2020-09-21');
insert into placementsinfo values(283,'PAYTM','6.1','2021-04-08');
insert into placementsinfo values(284,'AMAZON','3.8','2022-12-30');
insert into placementsinfo values(285,'AMAZON','2.9','2021-03-08');
insert into placementsinfo values(286,'FLIPKART','3.2','2024-07-10');
insert into placementsinfo values(287,'HCL','6.0','2022-01-18');
insert into placementsinfo values(288,'HCL','4.2','2023-04-01');
insert into placementsinfo values(289,'INFOSYS','2.8','2024-04-04');
insert into placementsinfo values(290,'ZOHO','8.1','2021-09-20');
insert into placementsinfo values(291,'AMAZON','2.7','2022-01-06');
insert into placementsinfo values(292,'GOOGLE','2.5','2021-03-28');
insert into placementsinfo values(293,'GOOGLE','4.6','2020-09-16');
insert into placementsinfo values(294,'ZOHO','5.0','2021-04-07');
insert into placementsinfo values(295,'TCS','2.8','2022-06-30');
insert into placementsinfo values(296,'HCL','3.6','2021-09-15');
insert into placementsinfo values(297,'GOOGLE','5.0','2020-04-23');
insert into placementsinfo values(298,'ZOHO','6.2','2022-12-12');
insert into placementsinfo values(299,'TCS','5.0','2021-04-05');
insert into placementsinfo values(300,'TCS','3.6','2020-04-10');
select*from placementsinfo;



create table paymentsinfo (stud_id int,payment_amount int, pending_amount double, joining_datetime datetime,
constraint paymentsinfo foreign key (stud_id) references studentsinfo (stud_id));

insert into paymentsinfo values (100,45000,20000,'2023-12-30 10:24:09');
insert into paymentsinfo values (101,20000,30000,'2023-09-07 09:00:00');
insert into paymentsinfo values (102,12000,2000,'2024-01-25 11:00:23');
insert into paymentsinfo values (103,50000,30000,'2023-09-07 09:00:00');
insert into paymentsinfo values (104,40000,10000,'2023-12-04 07:00:05');
insert into paymentsinfo values (105,20000,5000,'2023-05-05 03:15:10');
insert into paymentsinfo values (106,12500,7000,'2023-04-08 12:07:23');
insert into paymentsinfo values (107,35700,25000,'2022-09-30 09:09:07');
insert into paymentsinfo values (108,40000,10000,'2020-07-10 01:09:08');
insert into paymentsinfo values (109,15000,4000,'2021-05-03 12:00:13');
insert into paymentsinfo values (110,45000,20000,'2019-11-30 10:24:09');
insert into paymentsinfo values (111,12000,2000,'2024-01-20 11:00:23');
insert into paymentsinfo values (112,50000,30000,'2023-09-07 09:00:00');
insert into paymentsinfo values (113,40000,10000,'2019-12-04 07:00:05');
insert into paymentsinfo values (114,20000,5000,'2023-05-05 03:15:10');
insert into paymentsinfo values (115,12500,7000,'2023-04-08 12:07:23');
insert into paymentsinfo values (116,35700,25000,'2022-09-30 09:09:07');
insert into paymentsinfo values (117,40000,10000,'2020-07-10 01:09:08');
insert into paymentsinfo values (118,35700,25000,'2019-09-30 09:09:07');
insert into paymentsinfo values (119,35700,25000,'2019-09-30 09:09:07');
insert into paymentsinfo values (120,40000,10000,'2020-07-10 01:09:08');
insert into paymentsinfo values (121,15000,4000,'2021-05-03 12:00:13');
insert into paymentsinfo values (122,30000,5000,'2024-02-09 09:45:12');
insert into paymentsinfo values (123,45000,20000,'2023-02-30 11:24:09');
insert into paymentsinfo values (124,30000,10000,'2019-12-02 10:03:02');
insert into paymentsinfo values (125,45000,5000,'2024-02-09 09:45:12');
insert into paymentsinfo values (126,12000,2000,'2024-01-28 11:00:23');
insert into paymentsinfo values (127,50000,30000,'2023-07-07 09:08:06');
insert into paymentsinfo values (128,40000,10000,'2023-12-05 07:10:05');
insert into paymentsinfo values (129,20000,5000,'2019-05-15 03:19:30');
insert into paymentsinfo values (130,12500,7000,'2023-04-28 12:02:23');
insert into paymentsinfo values (131,35700,25000,'2022-03-30 09:09:07');
insert into paymentsinfo values (132,40000,10000,'2020-07-12 01:09:08');
insert into paymentsinfo values (133,15000,4000,'2021-05-03 12:00:33');
insert into paymentsinfo values (134,50000,20000,'2020-07-17 09:12:06');
insert into paymentsinfo values (135,50000,10700,'2019-07-07 07:08:06');
insert into paymentsinfo values (136,12000,5500,'2020-09-07 12:08:06');
insert into paymentsinfo values (137,20000,15000,'2022-01-09 03:08:06');
insert into paymentsinfo values (138,30000,15000,'2021-07-07 09:08:06');
insert into paymentsinfo values (139,30000,20000,'2023-07-07 12:06:08');
insert into paymentsinfo values (140,30000,10000,'2020-12-07 02:19:02');
insert into paymentsinfo values (141,20000,5000,'2024-10-02 05:01:07');
insert into paymentsinfo values (142,35700,5700,'2019-05-12 03:02:06');
insert into paymentsinfo values (143,8000,2000,'2021-04-09 03:08:22');
insert into paymentsinfo values (144,12000,2000,'2023-01-07 09:05:19');
insert into paymentsinfo values (145,20000,10000,'2023-07-07 06:30:16');
insert into paymentsinfo values (146,50000,25000,'2020-12-08 09:18:06');
insert into paymentsinfo values (147,50000,20000,'2019-06-17 10:45:11');
insert into paymentsinfo values (148,30000,17800,'2022-07-07 09:08:06');
insert into paymentsinfo values (149,35700,5700,'2023-07-29 12:46:06');
insert into paymentsinfo values (150,8000,5000,'2019-05-07 09:08:06');
insert into paymentsinfo values (151,7000,4000,'2023-02-17 02:05:06');
insert into paymentsinfo values (152,12000,3000,'2020-11-08 06:11:04');
insert into paymentsinfo values (153,10000,5000,'2023-07-30 02:18:06');
insert into paymentsinfo values (154,20000,15000,'2021-06-25 11:08:08');
insert into paymentsinfo values (155,10000,5000,'2023-07-07 10:28:30');
insert into paymentsinfo values (156,15000,7000,'2022-09-17 09:18:06');
insert into paymentsinfo values (157,17000,12000,'2019-01-30 03:05:12');
insert into paymentsinfo values (158,20000,10000,'2020-05-01 12:03:08');
insert into paymentsinfo values (159,30000,15000,'2023-02-04 11:08:06');
insert into paymentsinfo values (160,32000,2000,'2020-07-05 09:02:03');
insert into paymentsinfo values (161,50000,25000,'2023-02-06 10:27:02');
insert into paymentsinfo values (162,35700,5700,'2020-12-17 05:12:06');
insert into paymentsinfo values (163,7000,3500,'2019-01-23 03:09:07');
insert into paymentsinfo values (164,8000,4000,'2023-07-07 09:08:06');
insert into paymentsinfo values (165,12000,7000,'2023-12-30 10:24:09');
insert into paymentsinfo values (166,30000,20000,'2024-01-25 11:00:23');
insert into paymentsinfo values (167,50000,40000,'2023-09-07 09:00:00');
insert into paymentsinfo values (168,10000,8500,'2023-12-04 07:00:05');
insert into paymentsinfo values (169,12000,7000,'2019-05-05 03:15:10');
insert into paymentsinfo values (170,10000,5000,'2023-04-08 12:07:23');
insert into paymentsinfo values (171,20000,10000,'2022-09-30 09:09:07');
insert into paymentsinfo values (172,35700,30000,'2020-07-10 01:09:08');
insert into paymentsinfo values (173,30000,18000,'2019-09-30 09:09:07');
insert into paymentsinfo values (174,50000,25000,'2023-09-30 09:09:07');
insert into paymentsinfo values (175,27000,7000,'2020-07-10 01:09:08');
insert into paymentsinfo values (176,12000,10000,'2021-05-03 12:00:13');
insert into paymentsinfo values (177,27000,25000,'2024-02-09 09:45:12');
insert into paymentsinfo values (178,25000,5000,'2023-12-30 10:24:09');
insert into paymentsinfo values (179,12000,4000,'2019-12-30 10:24:09');
insert into paymentsinfo values (180,30000,1000,'2024-02-09 09:45:12');
insert into paymentsinfo values (181,30000,3000,'2024-01-25 11:00:23');
insert into paymentsinfo values (182,35700,10000,'2021-09-07 09:00:00');
insert into paymentsinfo values (183,8000,5000,'2021-12-04 07:00:05');
insert into paymentsinfo values (184,20000,18000,'2023-05-05 03:15:10');
insert into paymentsinfo values (185,30000,24000,'2020-04-08 12:07:23');
insert into paymentsinfo values (186,50000,45000,'2021-09-30 09:09:07');
insert into paymentsinfo values (187,8000,4000,'2020-07-10 01:09:08');
insert into paymentsinfo values (188,12000,2000,'2021-05-03 12:00:13');
insert into paymentsinfo values (189,50000,30000,'2019-08-01 11:06:10');
insert into paymentsinfo values (190,8000,3000,'2024-01-13 04:30:23');
insert into paymentsinfo values (191,7000,4500,'2019-10-08 10:56:33');
insert into paymentsinfo values (192,30000,29000,'2022-02-04 06:18:10');
insert into paymentsinfo values (193,50000,17800,'2021-05-03 11:00:13');
insert into paymentsinfo values (194,12000,3000,'2019-08-03 12:00:13');
insert into paymentsinfo values (195,20000,14000,'2024-02-08 03:20:15');
insert into paymentsinfo values (196,8000,2500,'2023-04-07 09:39:23');
insert into paymentsinfo values (197,50000,23000,'2022-05-03 12:00:13');
insert into paymentsinfo values (198,20000,14000,'2024-02-08 04:20:15');
insert into paymentsinfo values (199,18000,2500,'2023-04-07 09:19:23');
insert into paymentsinfo values (200,15000,23000,'2022-05-03 11:00:13');
select*from paymentsinfo;


